{"DDQN": [7581.3913061618805, 10614.47907590866, 10289.926438331604], "least_queue": [2490.356395959854, 2696.864867925644, 2461.72283411026], "random": [2434.594489097595, 2620.2571728229523, 2382.817946910858], "always_local": []}