{"DDQN": [4868.535083770752, 7581.3913061618805, 10614.47907590866, 10289.926438331604], "least_queue": [1754.382663011551, 2490.356395959854, 2696.864867925644, 2461.72283411026], "random": [1719.3491859436035, 2434.594489097595, 2620.2571728229523, 2382.817946910858], "always_local": [1946.1819422245026, 2095.70091176033, 2270.7445907592773, 2304.2687005996704], "A2C": [3183.4880998134613, 4848.048726797104, 7438.0471086502075, 7808.003285169601]}